timestamp_utc,ticker,mint,price_usd,session,source
2026-09-18T19:30:00Z,NVDAx,Xsc9qvGR1efVDFGLrVsmkzv3qi45LTBjeUKSPmx9qEh,219.4614312151267,open,jupiter-price-v3
2026-09-18T19:35:00Z,NVDAx,Xsc9qvGR1efVDFGLrVsmkzv3qi45LTBjeUKSPmx9qEh,218.9521772541746,open,jupiter-price-v3
2026-09-18T19:40:00Z,NVDAx,Xsc9qvGR1efVDFGLrVsmkzv3qi45LTBjeUKSPmx9qEh,219.42085279491042,open,jupiter-price-v3
2026-09-18T19:45:00Z,NVDAx,Xsc9qvGR1efVDFGLrVsmkzv3qi45LTBjeUKSPmx9qEh,219.1462343981393,open,jupiter-price-v3
2026-09-18T19:50:00Z,NVDAx,Xsc9qvGR1efVDFGLrVsmkzv3qi45LTBjeUKSPmx9qEh,219.7403639870658,open,jupiter-price-v3
2026-09-18T19:55:00Z,NVDAx,Xsc9qvGR1efVDFGLrVsmkzv3qi45LTBjeUKSPmx9qEh,220.34270985948604,open,jupiter-price-v3
2026-09-18T20:00:00Z,NVDAx,Xsc9qvGR1efVDFGLrVsmkzv3qi45LTBjeUKSPmx9qEh,221.77222511446746,overnight,jupiter-price-v3
2026-09-18T20:05:00Z,NVDAx,Xsc9qvGR1efVDFGLrVsmkzv3qi45LTBjeUKSPmx9qEh,221.54967283646351,overnight,jupiter-price-v3
2026-09-18T20:10:00Z,NVDAx,Xsc9qvGR1efVDFGLrVsmkzv3qi45LTBjeUKSPmx9qEh,221.6569201568146,overnight,jupiter-price-v3
2026-09-18T20:15:00Z,NVDAx,Xsc9qvGR1efVDFGLrVsmkzv3qi45LTBjeUKSPmx9qEh,221.68991133108963,overnight,jupiter-price-v3
2026-09-18T20:20:00Z,NVDAx,Xsc9qvGR1efVDFGLrVsmkzv3qi45LTBjeUKSPmx9qEh,221.64375542054267,overnight,jupiter-price-v3
2026-09-18T20:25:00Z,NVDAx,Xsc9qvGR1efVDFGLrVsmkzv3qi45LTBjeUKSPmx9qEh,221.44335373907984,overnight,jupiter-price-v3
2026-09-18T20:30:00Z,NVDAx,Xsc9qvGR1efVDFGLrVsmkzv3qi45LTBjeUKSPmx9qEh,221.64505633081126,overnight,jupiter-price-v3
2026-09-18T20:35:00Z,NVDAx,Xsc9qvGR1efVDFGLrVsmkzv3qi45LTBjeUKSPmx9qEh,221.37490716335628,overnight,jupiter-price-v3
2026-09-18T20:40:00Z,NVDAx,Xsc9qvGR1efVDFGLrVsmkzv3qi45LTBjeUKSPmx9qEh,221.3431459845696,overnight,jupiter-price-v3
2026-09-18T20:45:00Z,NVDAx,Xsc9qvGR1efVDFGLrVsmkzv3qi45LTBjeUKSPmx9qEh,220.91920660954528,overnight,jupiter-price-v3
2026-09-18T20:50:00Z,NVDAx,Xsc9qvGR1efVDFGLrVsmkzv3qi45LTBjeUKSPmx9qEh,221.63131963453282,overnight,jupiter-price-v3
2026-09-18T22:15:09Z,NVDAx,Xsc9qvGR1efVDFGLrVsmkzv3qi45LTBjeUKSPmx9qEh,222.14027314527277,overnight,jupiter-price-v3
2026-09-18T22:20:00Z,NVDAx,Xsc9qvGR1efVDFGLrVsmkzv3qi45LTBjeUKSPmx9qEh,222.2713064415384,overnight,jupiter-price-v3
2026-09-18T22:25:00Z,NVDAx,Xsc9qvGR1efVDFGLrVsmkzv3qi45LTBjeUKSPmx9qEh,222.0317065273661,overnight,jupiter-price-v3
2026-09-18T22:30:00Z,NVDAx,Xsc9qvGR1efVDFGLrVsmkzv3qi45LTBjeUKSPmx9qEh,222.0619400247123,overnight,jupiter-price-v3
2026-09-18T22:35:00Z,NVDAx,Xsc9qvGR1efVDFGLrVsmkzv3qi45LTBjeUKSPmx9qEh,221.89749015357177,overnight,jupiter-price-v3
2026-09-18T22:40:00Z,NVDAx,Xsc9qvGR1efVDFGLrVsmkzv3qi45LTBjeUKSPmx9qEh,222.26140594980626,overnight,jupiter-price-v3
2026-09-18T22:45:00Z,NVDAx,Xsc9qvGR1efVDFGLrVsmkzv3qi45LTBjeUKSPmx9qEh,221.55878358086318,overnight,jupiter-price-v3
2026-09-18T22:50:00Z,NVDAx,Xsc9qvGR1efVDFGLrVsmkzv3qi45LTBjeUKSPmx9qEh,222.1734235347107,overnight,jupiter-price-v3
2026-09-18T22:55:00Z,NVDAx,Xsc9qvGR1efVDFGLrVsmkzv3qi45LTBjeUKSPmx9qEh,222.06113903283656,overnight,jupiter-price-v3
2026-09-18T23:00:00Z,NVDAx,Xsc9qvGR1efVDFGLrVsmkzv3qi45LTBjeUKSPmx9qEh,222.08455928769192,overnight,jupiter-price-v3
2026-09-18T23:05:00Z,NVDAx,Xsc9qvGR1efVDFGLrVsmkzv3qi45LTBjeUKSPmx9qEh,222.22352116873572,overnight,jupiter-price-v3
2026-09-18T23:10:00Z,NVDAx,Xsc9qvGR1efVDFGLrVsmkzv3qi45LTBjeUKSPmx9qEh,222.21396424901508,overnight,jupiter-price-v3
2026-09-18T23:15:00Z,NVDAx,Xsc9qvGR1efVDFGLrVsmkzv3qi45LTBjeUKSPmx9qEh,222.0131855290336,overnight,jupiter-price-v3
2026-09-18T23:20:00Z,NVDAx,Xsc9qvGR1efVDFGLrVsmkzv3qi45LTBjeUKSPmx9qEh,222.3183242580441,overnight,jupiter-price-v3
2026-09-18T23:25:00Z,NVDAx,Xsc9qvGR1efVDFGLrVsmkzv3qi45LTBjeUKSPmx9qEh,222.14902712300727,overnight,jupiter-price-v3
2026-09-18T23:30:00Z,NVDAx,Xsc9qvGR1efVDFGLrVsmkzv3qi45LTBjeUKSPmx9qEh,222.22808385017976,overnight,jupiter-price-v3
2026-09-18T23:35:00Z,NVDAx,Xsc9qvGR1efVDFGLrVsmkzv3qi45LTBjeUKSPmx9qEh,222.30740501620826,overnight,jupiter-price-v3
2026-09-18T23:40:00Z,NVDAx,Xsc9qvGR1efVDFGLrVsmkzv3qi45LTBjeUKSPmx9qEh,222.18921306261737,overnight,jupiter-price-v3
2026-09-18T23:45:00Z,NVDAx,Xsc9qvGR1efVDFGLrVsmkzv3qi45LTBjeUKSPmx9qEh,222.22671182836848,overnight,jupiter-price-v3
2026-09-18T23:50:00Z,NVDAx,Xsc9qvGR1efVDFGLrVsmkzv3qi45LTBjeUKSPmx9qEh,222.30243841537734,overnight,jupiter-price-v3
2026-09-18T23:55:00Z,NVDAx,Xsc9qvGR1efVDFGLrVsmkzv3qi45LTBjeUKSPmx9qEh,221.96424923414446,overnight,jupiter-price-v3
2026-09-19T00:00:00Z,NVDAx,Xsc9qvGR1efVDFGLrVsmkzv3qi45LTBjeUKSPmx9qEh,222.50284545144802,overnight,jupiter-price-v3
2026-09-19T00:05:00Z,NVDAx,Xsc9qvGR1efVDFGLrVsmkzv3qi45LTBjeUKSPmx9qEh,222.12371401537766,overnight,jupiter-price-v3
2026-09-19T00:10:00Z,NVDAx,Xsc9qvGR1efVDFGLrVsmkzv3qi45LTBjeUKSPmx9qEh,222.34369781594415,overnight,jupiter-price-v3
2026-09-19T00:15:00Z,NVDAx,Xsc9qvGR1efVDFGLrVsmkzv3qi45LTBjeUKSPmx9qEh,222.48486145400577,overnight,jupiter-price-v3
2026-09-19T00:20:00Z,NVDAx,Xsc9qvGR1efVDFGLrVsmkzv3qi45LTBjeUKSPmx9qEh,222.58489962557957,overnight,jupiter-price-v3
2026-09-19T00:25:00Z,NVDAx,Xsc9qvGR1efVDFGLrVsmkzv3qi45LTBjeUKSPmx9qEh,222.45038601059872,overnight,jupiter-price-v3
2026-09-19T00:30:00Z,NVDAx,Xsc9qvGR1efVDFGLrVsmkzv3qi45LTBjeUKSPmx9qEh,222.2982949923664,overnight,jupiter-price-v3
2026-09-19T00:35:00Z,NVDAx,Xsc9qvGR1efVDFGLrVsmkzv3qi45LTBjeUKSPmx9qEh,222.13804937971906,overnight,jupiter-price-v3
2026-09-19T00:40:00Z,NVDAx,Xsc9qvGR1efVDFGLrVsmkzv3qi45LTBjeUKSPmx9qEh,222.64924294208177,overnight,jupiter-price-v3
2026-09-19T00:45:00Z,NVDAx,Xsc9qvGR1efVDFGLrVsmkzv3qi45LTBjeUKSPmx9qEh,222.13248337473712,overnight,jupiter-price-v3
2026-09-19T00:50:00Z,NVDAx,Xsc9qvGR1efVDFGLrVsmkzv3qi45LTBjeUKSPmx9qEh,222.2506694962434,overnight,jupiter-price-v3
2026-09-19T00:55:00Z,NVDAx,Xsc9qvGR1efVDFGLrVsmkzv3qi45LTBjeUKSPmx9qEh,222.5098660783568,overnight,jupiter-price-v3
2026-09-19T01:00:00Z,NVDAx,Xsc9qvGR1efVDFGLrVsmkzv3qi45LTBjeUKSPmx9qEh,222.3163231227619,overnight,jupiter-price-v3
2026-09-19T01:05:00Z,NVDAx,Xsc9qvGR1efVDFGLrVsmkzv3qi45LTBjeUKSPmx9qEh,222.32780784818587,overnight,jupiter-price-v3
2026-09-19T04:00:11Z,NVDAx,Xsc9qvGR1efVDFGLrVsmkzv3qi45LTBjeUKSPmx9qEh,221.81721934932966,weekend,jupiter-price-v3
2026-09-19T04:05:00Z,NVDAx,Xsc9qvGR1efVDFGLrVsmkzv3qi45LTBjeUKSPmx9qEh,222.05685885446454,weekend,jupiter-price-v3
2026-09-19T04:10:00Z,NVDAx,Xsc9qvGR1efVDFGLrVsmkzv3qi45LTBjeUKSPmx9qEh,222.2394197557663,weekend,jupiter-price-v3
2026-09-19T04:15:00Z,NVDAx,Xsc9qvGR1efVDFGLrVsmkzv3qi45LTBjeUKSPmx9qEh,222.06285825396088,weekend,jupiter-price-v3
2026-09-19T04:20:00Z,NVDAx,Xsc9qvGR1efVDFGLrVsmkzv3qi45LTBjeUKSPmx9qEh,222.1109568823404,weekend,jupiter-price-v3
2026-09-19T04:25:00Z,NVDAx,Xsc9qvGR1efVDFGLrVsmkzv3qi45LTBjeUKSPmx9qEh,221.80069770073686,weekend,jupiter-price-v3
2026-09-19T04:30:00Z,NVDAx,Xsc9qvGR1efVDFGLrVsmkzv3qi45LTBjeUKSPmx9qEh,222.09901353111545,weekend,jupiter-price-v3
2026-09-19T04:35:00Z,NVDAx,Xsc9qvGR1efVDFGLrVsmkzv3qi45LTBjeUKSPmx9qEh,222.53558412710922,weekend,jupiter-price-v3
2026-09-19T04:40:00Z,NVDAx,Xsc9qvGR1efVDFGLrVsmkzv3qi45LTBjeUKSPmx9qEh,222.0856480469017,weekend,jupiter-price-v3
2026-09-19T04:45:00Z,NVDAx,Xsc9qvGR1efVDFGLrVsmkzv3qi45LTBjeUKSPmx9qEh,222.06735882685203,weekend,jupiter-price-v3
2026-09-19T04:50:00Z,NVDAx,Xsc9qvGR1efVDFGLrVsmkzv3qi45LTBjeUKSPmx9qEh,222.10500128341283,weekend,jupiter-price-v3
2026-09-19T04:55:00Z,NVDAx,Xsc9qvGR1efVDFGLrVsmkzv3qi45LTBjeUKSPmx9qEh,222.22130393529412,weekend,jupiter-price-v3
2026-09-19T05:00:00Z,NVDAx,Xsc9qvGR1efVDFGLrVsmkzv3qi45LTBjeUKSPmx9qEh,222.1766681422435,weekend,jupiter-price-v3
2026-09-19T05:05:00Z,NVDAx,Xsc9qvGR1efVDFGLrVsmkzv3qi45LTBjeUKSPmx9qEh,222.16582827350996,weekend,jupiter-price-v3
2026-09-19T05:10:00Z,NVDAx,Xsc9qvGR1efVDFGLrVsmkzv3qi45LTBjeUKSPmx9qEh,222.09081521838408,weekend,jupiter-price-v3
2026-09-19T05:15:00Z,NVDAx,Xsc9qvGR1efVDFGLrVsmkzv3qi45LTBjeUKSPmx9qEh,222.22658822061257,weekend,jupiter-price-v3
2026-09-19T05:20:00Z,NVDAx,Xsc9qvGR1efVDFGLrVsmkzv3qi45LTBjeUKSPmx9qEh,222.14181382070132,weekend,jupiter-price-v3
2026-09-19T05:25:00Z,NVDAx,Xsc9qvGR1efVDFGLrVsmkzv3qi45LTBjeUKSPmx9qEh,221.7142820987029,weekend,jupiter-price-v3
2026-09-19T05:30:00Z,NVDAx,Xsc9qvGR1efVDFGLrVsmkzv3qi45LTBjeUKSPmx9qEh,222.11634107878032,weekend,jupiter-price-v3
2026-09-19T05:35:00Z,NVDAx,Xsc9qvGR1efVDFGLrVsmkzv3qi45LTBjeUKSPmx9qEh,221.97093635497714,weekend,jupiter-price-v3
2026-09-19T05:40:00Z,NVDAx,Xsc9qvGR1efVDFGLrVsmkzv3qi45LTBjeUKSPmx9qEh,222.05483737502155,weekend,jupiter-price-v3
2026-09-19T05:45:00Z,NVDAx,Xsc9qvGR1efVDFGLrVsmkzv3qi45LTBjeUKSPmx9qEh,221.83571419097706,weekend,jupiter-price-v3
2026-09-19T05:50:00Z,NVDAx,Xsc9qvGR1efVDFGLrVsmkzv3qi45LTBjeUKSPmx9qEh,222.07272469269694,weekend,jupiter-price-v3
2026-09-19T05:55:00Z,NVDAx,Xsc9qvGR1efVDFGLrVsmkzv3qi45LTBjeUKSPmx9qEh,221.97976338116572,weekend,jupiter-price-v3
2026-09-19T06:00:00Z,NVDAx,Xsc9qvGR1efVDFGLrVsmkzv3qi45LTBjeUKSPmx9qEh,222.08655130467477,weekend,jupiter-price-v3
2026-09-19T06:05:00Z,NVDAx,Xsc9qvGR1efVDFGLrVsmkzv3qi45LTBjeUKSPmx9qEh,222.2801545145982,weekend,jupiter-price-v3
2026-09-19T06:10:00Z,NVDAx,Xsc9qvGR1efVDFGLrVsmkzv3qi45LTBjeUKSPmx9qEh,221.93252724013615,weekend,jupiter-price-v3
2026-09-19T06:15:00Z,NVDAx,Xsc9qvGR1efVDFGLrVsmkzv3qi45LTBjeUKSPmx9qEh,222.04915900433343,weekend,jupiter-price-v3
2026-09-19T06:20:00Z,NVDAx,Xsc9qvGR1efVDFGLrVsmkzv3qi45LTBjeUKSPmx9qEh,221.74780623034633,weekend,jupiter-price-v3
2026-09-19T06:25:00Z,NVDAx,Xsc9qvGR1efVDFGLrVsmkzv3qi45LTBjeUKSPmx9qEh,221.91943469543963,weekend,jupiter-price-v3
2026-09-19T06:30:00Z,NVDAx,Xsc9qvGR1efVDFGLrVsmkzv3qi45LTBjeUKSPmx9qEh,221.74962907888454,weekend,jupiter-price-v3
2026-09-19T06:35:00Z,NVDAx,Xsc9qvGR1efVDFGLrVsmkzv3qi45LTBjeUKSPmx9qEh,222.19876879923058,weekend,jupiter-price-v3
2026-09-19T06:40:00Z,NVDAx,Xsc9qvGR1efVDFGLrVsmkzv3qi45LTBjeUKSPmx9qEh,221.83181982401914,weekend,jupiter-price-v3
2026-09-19T06:45:00Z,NVDAx,Xsc9qvGR1efVDFGLrVsmkzv3qi45LTBjeUKSPmx9qEh,221.84909482203895,weekend,jupiter-price-v3
2026-09-19T06:50:00Z,NVDAx,Xsc9qvGR1efVDFGLrVsmkzv3qi45LTBjeUKSPmx9qEh,221.86057209502835,weekend,jupiter-price-v3
2026-09-19T06:55:00Z,NVDAx,Xsc9qvGR1efVDFGLrVsmkzv3qi45LTBjeUKSPmx9qEh,221.98912500577055,weekend,jupiter-price-v3
2026-09-19T07:00:00Z,NVDAx,Xsc9qvGR1efVDFGLrVsmkzv3qi45LTBjeUKSPmx9qEh,222.0338772269181,weekend,jupiter-price-v3
2026-09-19T07:05:00Z,NVDAx,Xsc9qvGR1efVDFGLrVsmkzv3qi45LTBjeUKSPmx9qEh,222.0688755078799,weekend,jupiter-price-v3
2026-09-19T07:10:00Z,NVDAx,Xsc9qvGR1efVDFGLrVsmkzv3qi45LTBjeUKSPmx9qEh,221.63816243138186,weekend,jupiter-price-v3
2026-09-19T07:15:00Z,NVDAx,Xsc9qvGR1efVDFGLrVsmkzv3qi45LTBjeUKSPmx9qEh,221.57534075429786,weekend,jupiter-price-v3
2026-09-19T07:20:00Z,NVDAx,Xsc9qvGR1efVDFGLrVsmkzv3qi45LTBjeUKSPmx9qEh,221.88962782748345,weekend,jupiter-price-v3
2026-09-19T07:25:00Z,NVDAx,Xsc9qvGR1efVDFGLrVsmkzv3qi45LTBjeUKSPmx9qEh,221.8982138710129,weekend,jupiter-price-v3
2026-09-19T07:30:00Z,NVDAx,Xsc9qvGR1efVDFGLrVsmkzv3qi45LTBjeUKSPmx9qEh,222.01660726418012,weekend,jupiter-price-v3
2026-09-19T07:35:00Z,NVDAx,Xsc9qvGR1efVDFGLrVsmkzv3qi45LTBjeUKSPmx9qEh,221.61578561573117,weekend,jupiter-price-v3
2026-09-19T07:40:00Z,NVDAx,Xsc9qvGR1efVDFGLrVsmkzv3qi45LTBjeUKSPmx9qEh,221.85551969569687,weekend,jupiter-price-v3
2026-09-19T07:45:00Z,NVDAx,Xsc9qvGR1efVDFGLrVsmkzv3qi45LTBjeUKSPmx9qEh,221.786776760304,weekend,jupiter-price-v3
2026-09-19T07:50:00Z,NVDAx,Xsc9qvGR1efVDFGLrVsmkzv3qi45LTBjeUKSPmx9qEh,221.8040913296042,weekend,jupiter-price-v3
2026-09-19T07:55:00Z,NVDAx,Xsc9qvGR1efVDFGLrVsmkzv3qi45LTBjeUKSPmx9qEh,221.8444854590746,weekend,jupiter-price-v3
2026-09-19T08:41:11Z,NVDAx,Xsc9qvGR1efVDFGLrVsmkzv3qi45LTBjeUKSPmx9qEh,222.10005687552697,weekend,jupiter-price-v3
2026-09-19T08:45:00Z,NVDAx,Xsc9qvGR1efVDFGLrVsmkzv3qi45LTBjeUKSPmx9qEh,222.0601342655899,weekend,jupiter-price-v3
2026-09-19T08:50:00Z,NVDAx,Xsc9qvGR1efVDFGLrVsmkzv3qi45LTBjeUKSPmx9qEh,222.23798016152546,weekend,jupiter-price-v3
2026-09-19T08:55:01Z,NVDAx,Xsc9qvGR1efVDFGLrVsmkzv3qi45LTBjeUKSPmx9qEh,221.79017227106866,weekend,jupiter-price-v3
2026-09-19T09:00:00Z,NVDAx,Xsc9qvGR1efVDFGLrVsmkzv3qi45LTBjeUKSPmx9qEh,221.9086620703389,weekend,jupiter-price-v3
2026-09-19T09:05:00Z,NVDAx,Xsc9qvGR1efVDFGLrVsmkzv3qi45LTBjeUKSPmx9qEh,221.6969015393393,weekend,jupiter-price-v3
2026-09-19T09:10:00Z,NVDAx,Xsc9qvGR1efVDFGLrVsmkzv3qi45LTBjeUKSPmx9qEh,221.98751694424425,weekend,jupiter-price-v3
2026-09-19T09:15:00Z,NVDAx,Xsc9qvGR1efVDFGLrVsmkzv3qi45LTBjeUKSPmx9qEh,222.10733735695075,weekend,jupiter-price-v3
2026-09-19T09:20:00Z,NVDAx,Xsc9qvGR1efVDFGLrVsmkzv3qi45LTBjeUKSPmx9qEh,222.04722374044368,weekend,jupiter-price-v3
2026-09-19T09:25:00Z,NVDAx,Xsc9qvGR1efVDFGLrVsmkzv3qi45LTBjeUKSPmx9qEh,222.0611595497619,weekend,jupiter-price-v3
2026-09-19T09:30:00Z,NVDAx,Xsc9qvGR1efVDFGLrVsmkzv3qi45LTBjeUKSPmx9qEh,221.34781211133762,weekend,jupiter-price-v3
2026-09-19T09:35:00Z,NVDAx,Xsc9qvGR1efVDFGLrVsmkzv3qi45LTBjeUKSPmx9qEh,222.01412637969662,weekend,jupiter-price-v3
2026-09-19T09:40:00Z,NVDAx,Xsc9qvGR1efVDFGLrVsmkzv3qi45LTBjeUKSPmx9qEh,222.01467774814867,weekend,jupiter-price-v3
2026-09-19T09:45:00Z,NVDAx,Xsc9qvGR1efVDFGLrVsmkzv3qi45LTBjeUKSPmx9qEh,221.91532878018646,weekend,jupiter-price-v3
2026-09-19T09:50:00Z,NVDAx,Xsc9qvGR1efVDFGLrVsmkzv3qi45LTBjeUKSPmx9qEh,222.02156790066758,weekend,jupiter-price-v3
2026-09-19T09:55:00Z,NVDAx,Xsc9qvGR1efVDFGLrVsmkzv3qi45LTBjeUKSPmx9qEh,222.23954004327135,weekend,jupiter-price-v3
2026-09-19T10:00:00Z,NVDAx,Xsc9qvGR1efVDFGLrVsmkzv3qi45LTBjeUKSPmx9qEh,222.05830509466918,weekend,jupiter-price-v3
2026-09-19T10:05:00Z,NVDAx,Xsc9qvGR1efVDFGLrVsmkzv3qi45LTBjeUKSPmx9qEh,222.24691764942133,weekend,jupiter-price-v3
2026-09-19T10:10:00Z,NVDAx,Xsc9qvGR1efVDFGLrVsmkzv3qi45LTBjeUKSPmx9qEh,222.4517565952522,weekend,jupiter-price-v3
2026-09-19T14:25:12Z,NVDAx,Xsc9qvGR1efVDFGLrVsmkzv3qi45LTBjeUKSPmx9qEh,222.08065583499317,weekend,jupiter-price-v3
2026-09-19T14:30:00Z,NVDAx,Xsc9qvGR1efVDFGLrVsmkzv3qi45LTBjeUKSPmx9qEh,221.99954105705865,weekend,jupiter-price-v3
2026-09-19T14:35:00Z,NVDAx,Xsc9qvGR1efVDFGLrVsmkzv3qi45LTBjeUKSPmx9qEh,222.0433293717455,weekend,jupiter-price-v3
2026-09-19T14:40:00Z,NVDAx,Xsc9qvGR1efVDFGLrVsmkzv3qi45LTBjeUKSPmx9qEh,222.03729412666542,weekend,jupiter-price-v3
2026-09-19T14:45:00Z,NVDAx,Xsc9qvGR1efVDFGLrVsmkzv3qi45LTBjeUKSPmx9qEh,221.8794466929399,weekend,jupiter-price-v3
2026-09-19T14:50:00Z,NVDAx,Xsc9qvGR1efVDFGLrVsmkzv3qi45LTBjeUKSPmx9qEh,222.09690527678933,weekend,jupiter-price-v3
2026-09-19T14:55:00Z,NVDAx,Xsc9qvGR1efVDFGLrVsmkzv3qi45LTBjeUKSPmx9qEh,221.65540461449808,weekend,jupiter-price-v3
2026-09-19T15:00:00Z,NVDAx,Xsc9qvGR1efVDFGLrVsmkzv3qi45LTBjeUKSPmx9qEh,221.93667281605445,weekend,jupiter-price-v3
2026-09-19T15:05:00Z,NVDAx,Xsc9qvGR1efVDFGLrVsmkzv3qi45LTBjeUKSPmx9qEh,222.10103781332472,weekend,jupiter-price-v3
2026-09-19T15:10:00Z,NVDAx,Xsc9qvGR1efVDFGLrVsmkzv3qi45LTBjeUKSPmx9qEh,221.79426898691918,weekend,jupiter-price-v3
2026-09-19T15:15:00Z,NVDAx,Xsc9qvGR1efVDFGLrVsmkzv3qi45LTBjeUKSPmx9qEh,221.89586247725154,weekend,jupiter-price-v3
2026-09-19T15:20:00Z,NVDAx,Xsc9qvGR1efVDFGLrVsmkzv3qi45LTBjeUKSPmx9qEh,221.89077352001695,weekend,jupiter-price-v3
2026-09-19T15:25:00Z,NVDAx,Xsc9qvGR1efVDFGLrVsmkzv3qi45LTBjeUKSPmx9qEh,221.80690021638034,weekend,jupiter-price-v3
2026-09-19T15:30:00Z,NVDAx,Xsc9qvGR1efVDFGLrVsmkzv3qi45LTBjeUKSPmx9qEh,222.49822757251968,weekend,jupiter-price-v3
2026-09-19T15:35:00Z,NVDAx,Xsc9qvGR1efVDFGLrVsmkzv3qi45LTBjeUKSPmx9qEh,221.88530694158783,weekend,jupiter-price-v3
2026-09-19T15:40:00Z,NVDAx,Xsc9qvGR1efVDFGLrVsmkzv3qi45LTBjeUKSPmx9qEh,222.10996408111802,weekend,jupiter-price-v3
2026-09-19T15:45:00Z,NVDAx,Xsc9qvGR1efVDFGLrVsmkzv3qi45LTBjeUKSPmx9qEh,222.54644225998936,weekend,jupiter-price-v3
2026-09-19T18:59:40Z,NVDAx,Xsc9qvGR1efVDFGLrVsmkzv3qi45LTBjeUKSPmx9qEh,222.14726355990442,weekend,jupiter-price-v3
2026-09-19T19:09:08Z,NVDAx,Xsc9qvGR1efVDFGLrVsmkzv3qi45LTBjeUKSPmx9qEh,221.8556546577157,weekend,jupiter-price-v3
2026-09-19T19:10:00Z,NVDAx,Xsc9qvGR1efVDFGLrVsmkzv3qi45LTBjeUKSPmx9qEh,222.15421541938616,weekend,jupiter-price-v3
2026-09-19T19:15:00Z,NVDAx,Xsc9qvGR1efVDFGLrVsmkzv3qi45LTBjeUKSPmx9qEh,222.31442778375245,weekend,jupiter-price-v3
2026-09-19T19:20:00Z,NVDAx,Xsc9qvGR1efVDFGLrVsmkzv3qi45LTBjeUKSPmx9qEh,221.79312257070956,weekend,jupiter-price-v3
2026-09-19T19:25:00Z,NVDAx,Xsc9qvGR1efVDFGLrVsmkzv3qi45LTBjeUKSPmx9qEh,222.24472589167684,weekend,jupiter-price-v3
2026-09-19T19:30:00Z,NVDAx,Xsc9qvGR1efVDFGLrVsmkzv3qi45LTBjeUKSPmx9qEh,221.93700220322958,weekend,jupiter-price-v3
2026-09-19T19:35:00Z,NVDAx,Xsc9qvGR1efVDFGLrVsmkzv3qi45LTBjeUKSPmx9qEh,221.92723508798156,weekend,jupiter-price-v3
2026-09-19T19:40:00Z,NVDAx,Xsc9qvGR1efVDFGLrVsmkzv3qi45LTBjeUKSPmx9qEh,221.82499871925305,weekend,jupiter-price-v3
2026-09-19T19:45:00Z,NVDAx,Xsc9qvGR1efVDFGLrVsmkzv3qi45LTBjeUKSPmx9qEh,221.79150323519707,weekend,jupiter-price-v3
2026-09-19T19:50:00Z,NVDAx,Xsc9qvGR1efVDFGLrVsmkzv3qi45LTBjeUKSPmx9qEh,221.94532870084186,weekend,jupiter-price-v3
2026-09-19T19:55:00Z,NVDAx,Xsc9qvGR1efVDFGLrVsmkzv3qi45LTBjeUKSPmx9qEh,221.9426002371248,weekend,jupiter-price-v3
2026-09-19T20:00:00Z,NVDAx,Xsc9qvGR1efVDFGLrVsmkzv3qi45LTBjeUKSPmx9qEh,221.794577867341,weekend,jupiter-price-v3
2026-09-19T20:05:01Z,NVDAx,Xsc9qvGR1efVDFGLrVsmkzv3qi45LTBjeUKSPmx9qEh,221.92172773946533,weekend,jupiter-price-v3
2026-09-19T20:10:01Z,NVDAx,Xsc9qvGR1efVDFGLrVsmkzv3qi45LTBjeUKSPmx9qEh,221.79375713016964,weekend,jupiter-price-v3
2026-09-19T20:15:00Z,NVDAx,Xsc9qvGR1efVDFGLrVsmkzv3qi45LTBjeUKSPmx9qEh,222.0935047453638,weekend,jupiter-price-v3
2026-09-19T20:20:00Z,NVDAx,Xsc9qvGR1efVDFGLrVsmkzv3qi45LTBjeUKSPmx9qEh,221.9970564400553,weekend,jupiter-price-v3
2026-09-19T20:25:00Z,NVDAx,Xsc9qvGR1efVDFGLrVsmkzv3qi45LTBjeUKSPmx9qEh,222.24914321825568,weekend,jupiter-price-v3
2026-09-19T20:30:00Z,NVDAx,Xsc9qvGR1efVDFGLrVsmkzv3qi45LTBjeUKSPmx9qEh,222.2286184418331,weekend,jupiter-price-v3
2026-09-19T20:35:00Z,NVDAx,Xsc9qvGR1efVDFGLrVsmkzv3qi45LTBjeUKSPmx9qEh,221.74557200065476,weekend,jupiter-price-v3
2026-09-19T20:40:00Z,NVDAx,Xsc9qvGR1efVDFGLrVsmkzv3qi45LTBjeUKSPmx9qEh,222.0200809956985,weekend,jupiter-price-v3
2026-09-19T20:45:00Z,NVDAx,Xsc9qvGR1efVDFGLrVsmkzv3qi45LTBjeUKSPmx9qEh,222.2259703197094,weekend,jupiter-price-v3
2026-09-19T20:50:00Z,NVDAx,Xsc9qvGR1efVDFGLrVsmkzv3qi45LTBjeUKSPmx9qEh,221.84696405100095,weekend,jupiter-price-v3
2026-09-19T20:55:00Z,NVDAx,Xsc9qvGR1efVDFGLrVsmkzv3qi45LTBjeUKSPmx9qEh,221.75494403550516,weekend,jupiter-price-v3
2026-09-19T21:00:01Z,NVDAx,Xsc9qvGR1efVDFGLrVsmkzv3qi45LTBjeUKSPmx9qEh,221.93947597348756,weekend,jupiter-price-v3
2026-09-19T21:05:00Z,NVDAx,Xsc9qvGR1efVDFGLrVsmkzv3qi45LTBjeUKSPmx9qEh,221.74518997008187,weekend,jupiter-price-v3
2026-09-19T21:10:00Z,NVDAx,Xsc9qvGR1efVDFGLrVsmkzv3qi45LTBjeUKSPmx9qEh,221.74818403804818,weekend,jupiter-price-v3
2026-09-19T21:15:00Z,NVDAx,Xsc9qvGR1efVDFGLrVsmkzv3qi45LTBjeUKSPmx9qEh,221.81589576062393,weekend,jupiter-price-v3
2026-09-19T21:20:00Z,NVDAx,Xsc9qvGR1efVDFGLrVsmkzv3qi45LTBjeUKSPmx9qEh,221.86571391120324,weekend,jupiter-price-v3
2026-09-19T21:25:00Z,NVDAx,Xsc9qvGR1efVDFGLrVsmkzv3qi45LTBjeUKSPmx9qEh,221.95280070837666,weekend,jupiter-price-v3
2026-09-19T21:30:00Z,NVDAx,Xsc9qvGR1efVDFGLrVsmkzv3qi45LTBjeUKSPmx9qEh,221.7200560380007,weekend,jupiter-price-v3
2026-09-19T21:35:00Z,NVDAx,Xsc9qvGR1efVDFGLrVsmkzv3qi45LTBjeUKSPmx9qEh,222.10586467359164,weekend,jupiter-price-v3
2026-09-19T21:40:00Z,NVDAx,Xsc9qvGR1efVDFGLrVsmkzv3qi45LTBjeUKSPmx9qEh,221.99216852982414,weekend,jupiter-price-v3
2026-09-19T21:45:00Z,NVDAx,Xsc9qvGR1efVDFGLrVsmkzv3qi45LTBjeUKSPmx9qEh,221.98707609566577,weekend,jupiter-price-v3
2026-09-19T21:50:00Z,NVDAx,Xsc9qvGR1efVDFGLrVsmkzv3qi45LTBjeUKSPmx9qEh,221.9741604859569,weekend,jupiter-price-v3
2026-09-19T21:55:00Z,NVDAx,Xsc9qvGR1efVDFGLrVsmkzv3qi45LTBjeUKSPmx9qEh,222.12149653272505,weekend,jupiter-price-v3
2026-09-19T22:00:00Z,NVDAx,Xsc9qvGR1efVDFGLrVsmkzv3qi45LTBjeUKSPmx9qEh,221.9573463572597,weekend,jupiter-price-v3
2026-09-19T22:05:00Z,NVDAx,Xsc9qvGR1efVDFGLrVsmkzv3qi45LTBjeUKSPmx9qEh,221.98030798448588,weekend,jupiter-price-v3
2026-09-19T22:10:00Z,NVDAx,Xsc9qvGR1efVDFGLrVsmkzv3qi45LTBjeUKSPmx9qEh,221.94484751963708,weekend,jupiter-price-v3
2026-09-19T22:15:00Z,NVDAx,Xsc9qvGR1efVDFGLrVsmkzv3qi45LTBjeUKSPmx9qEh,221.95943536317498,weekend,jupiter-price-v3
2026-09-19T22:20:00Z,NVDAx,Xsc9qvGR1efVDFGLrVsmkzv3qi45LTBjeUKSPmx9qEh,221.91499664160463,weekend,jupiter-price-v3
2026-09-19T22:25:00Z,NVDAx,Xsc9qvGR1efVDFGLrVsmkzv3qi45LTBjeUKSPmx9qEh,222.26166529950135,weekend,jupiter-price-v3
2026-09-19T22:30:00Z,NVDAx,Xsc9qvGR1efVDFGLrVsmkzv3qi45LTBjeUKSPmx9qEh,221.96382894955616,weekend,jupiter-price-v3
2026-09-19T22:35:00Z,NVDAx,Xsc9qvGR1efVDFGLrVsmkzv3qi45LTBjeUKSPmx9qEh,222.03542570661818,weekend,jupiter-price-v3
2026-09-19T22:40:00Z,NVDAx,Xsc9qvGR1efVDFGLrVsmkzv3qi45LTBjeUKSPmx9qEh,222.25555603871456,weekend,jupiter-price-v3
2026-09-19T22:45:00Z,NVDAx,Xsc9qvGR1efVDFGLrVsmkzv3qi45LTBjeUKSPmx9qEh,222.2553759920765,weekend,jupiter-price-v3
2026-09-19T22:50:00Z,NVDAx,Xsc9qvGR1efVDFGLrVsmkzv3qi45LTBjeUKSPmx9qEh,222.02585792115346,weekend,jupiter-price-v3
2026-09-19T22:55:00Z,NVDAx,Xsc9qvGR1efVDFGLrVsmkzv3qi45LTBjeUKSPmx9qEh,222.1543411293255,weekend,jupiter-price-v3
2026-09-19T23:00:00Z,NVDAx,Xsc9qvGR1efVDFGLrVsmkzv3qi45LTBjeUKSPmx9qEh,221.92004456006663,weekend,jupiter-price-v3
2026-09-19T23:05:00Z,NVDAx,Xsc9qvGR1efVDFGLrVsmkzv3qi45LTBjeUKSPmx9qEh,221.88741259977942,weekend,jupiter-price-v3
2026-09-19T23:10:00Z,NVDAx,Xsc9qvGR1efVDFGLrVsmkzv3qi45LTBjeUKSPmx9qEh,222.25464275831374,weekend,jupiter-price-v3
2026-09-19T23:15:00Z,NVDAx,Xsc9qvGR1efVDFGLrVsmkzv3qi45LTBjeUKSPmx9qEh,222.25958248816445,weekend,jupiter-price-v3
2026-09-19T23:20:00Z,NVDAx,Xsc9qvGR1efVDFGLrVsmkzv3qi45LTBjeUKSPmx9qEh,222.09754264498073,weekend,jupiter-price-v3
2026-09-19T23:25:00Z,NVDAx,Xsc9qvGR1efVDFGLrVsmkzv3qi45LTBjeUKSPmx9qEh,222.0756163040204,weekend,jupiter-price-v3
2026-09-19T23:30:00Z,NVDAx,Xsc9qvGR1efVDFGLrVsmkzv3qi45LTBjeUKSPmx9qEh,222.12502293594625,weekend,jupiter-price-v3
2026-09-19T23:35:00Z,NVDAx,Xsc9qvGR1efVDFGLrVsmkzv3qi45LTBjeUKSPmx9qEh,222.2146842053462,weekend,jupiter-price-v3
2026-09-19T23:40:00Z,NVDAx,Xsc9qvGR1efVDFGLrVsmkzv3qi45LTBjeUKSPmx9qEh,222.06464926569996,weekend,jupiter-price-v3
2026-09-19T23:45:00Z,NVDAx,Xsc9qvGR1efVDFGLrVsmkzv3qi45LTBjeUKSPmx9qEh,222.25430795867007,weekend,jupiter-price-v3
2026-09-19T23:50:00Z,NVDAx,Xsc9qvGR1efVDFGLrVsmkzv3qi45LTBjeUKSPmx9qEh,221.86056457944474,weekend,jupiter-price-v3
2026-09-19T23:55:00Z,NVDAx,Xsc9qvGR1efVDFGLrVsmkzv3qi45LTBjeUKSPmx9qEh,222.01498275006972,weekend,jupiter-price-v3
2026-09-20T00:00:00Z,NVDAx,Xsc9qvGR1efVDFGLrVsmkzv3qi45LTBjeUKSPmx9qEh,221.99302720723236,weekend,jupiter-price-v3
2026-09-20T00:05:01Z,NVDAx,Xsc9qvGR1efVDFGLrVsmkzv3qi45LTBjeUKSPmx9qEh,221.94928902536995,weekend,jupiter-price-v3
2026-09-20T00:10:00Z,NVDAx,Xsc9qvGR1efVDFGLrVsmkzv3qi45LTBjeUKSPmx9qEh,222.03513065553486,weekend,jupiter-price-v3
2026-09-20T00:15:00Z,NVDAx,Xsc9qvGR1efVDFGLrVsmkzv3qi45LTBjeUKSPmx9qEh,221.94225393149813,weekend,jupiter-price-v3
2026-09-20T00:20:00Z,NVDAx,Xsc9qvGR1efVDFGLrVsmkzv3qi45LTBjeUKSPmx9qEh,221.84028899560008,weekend,jupiter-price-v3
2026-09-20T00:25:00Z,NVDAx,Xsc9qvGR1efVDFGLrVsmkzv3qi45LTBjeUKSPmx9qEh,222.27474695731087,weekend,jupiter-price-v3
2026-09-20T00:30:00Z,NVDAx,Xsc9qvGR1efVDFGLrVsmkzv3qi45LTBjeUKSPmx9qEh,221.9282073240198,weekend,jupiter-price-v3
2026-09-20T00:35:00Z,NVDAx,Xsc9qvGR1efVDFGLrVsmkzv3qi45LTBjeUKSPmx9qEh,222.2097925231158,weekend,jupiter-price-v3
2026-09-20T00:40:00Z,NVDAx,Xsc9qvGR1efVDFGLrVsmkzv3qi45LTBjeUKSPmx9qEh,222.23878224567687,weekend,jupiter-price-v3
2026-09-20T00:45:00Z,NVDAx,Xsc9qvGR1efVDFGLrVsmkzv3qi45LTBjeUKSPmx9qEh,222.09184704081136,weekend,jupiter-price-v3
2026-09-20T00:50:10Z,NVDAx,Xsc9qvGR1efVDFGLrVsmkzv3qi45LTBjeUKSPmx9qEh,222.27750649860687,weekend,jupiter-price-v3
2026-09-20T00:55:00Z,NVDAx,Xsc9qvGR1efVDFGLrVsmkzv3qi45LTBjeUKSPmx9qEh,222.12613104568837,weekend,jupiter-price-v3
2026-09-20T01:00:00Z,NVDAx,Xsc9qvGR1efVDFGLrVsmkzv3qi45LTBjeUKSPmx9qEh,222.18063922905606,weekend,jupiter-price-v3
2026-09-20T01:05:00Z,NVDAx,Xsc9qvGR1efVDFGLrVsmkzv3qi45LTBjeUKSPmx9qEh,221.83552286724037,weekend,jupiter-price-v3
2026-09-20T01:10:00Z,NVDAx,Xsc9qvGR1efVDFGLrVsmkzv3qi45LTBjeUKSPmx9qEh,222.28346695870832,weekend,jupiter-price-v3
2026-09-20T01:15:00Z,NVDAx,Xsc9qvGR1efVDFGLrVsmkzv3qi45LTBjeUKSPmx9qEh,221.8765974209976,weekend,jupiter-price-v3
2026-09-20T01:20:00Z,NVDAx,Xsc9qvGR1efVDFGLrVsmkzv3qi45LTBjeUKSPmx9qEh,221.91161318319138,weekend,jupiter-price-v3
2026-09-20T01:25:00Z,NVDAx,Xsc9qvGR1efVDFGLrVsmkzv3qi45LTBjeUKSPmx9qEh,222.26528608278383,weekend,jupiter-price-v3
2026-09-20T01:30:00Z,NVDAx,Xsc9qvGR1efVDFGLrVsmkzv3qi45LTBjeUKSPmx9qEh,221.99949782386216,weekend,jupiter-price-v3
2026-09-20T01:35:00Z,NVDAx,Xsc9qvGR1efVDFGLrVsmkzv3qi45LTBjeUKSPmx9qEh,222.03196097881525,weekend,jupiter-price-v3
2026-09-20T01:40:00Z,NVDAx,Xsc9qvGR1efVDFGLrVsmkzv3qi45LTBjeUKSPmx9qEh,222.19921485647305,weekend,jupiter-price-v3
2026-09-20T01:45:00Z,NVDAx,Xsc9qvGR1efVDFGLrVsmkzv3qi45LTBjeUKSPmx9qEh,222.09530925778978,weekend,jupiter-price-v3
2026-09-20T01:50:00Z,NVDAx,Xsc9qvGR1efVDFGLrVsmkzv3qi45LTBjeUKSPmx9qEh,222.08269969005195,weekend,jupiter-price-v3
2026-09-20T01:55:00Z,NVDAx,Xsc9qvGR1efVDFGLrVsmkzv3qi45LTBjeUKSPmx9qEh,221.93311675688471,weekend,jupiter-price-v3
2026-09-20T02:00:00Z,NVDAx,Xsc9qvGR1efVDFGLrVsmkzv3qi45LTBjeUKSPmx9qEh,221.73804056337724,weekend,jupiter-price-v3
2026-09-20T02:05:00Z,NVDAx,Xsc9qvGR1efVDFGLrVsmkzv3qi45LTBjeUKSPmx9qEh,222.00992484899947,weekend,jupiter-price-v3
2026-09-20T02:10:00Z,NVDAx,Xsc9qvGR1efVDFGLrVsmkzv3qi45LTBjeUKSPmx9qEh,222.1574340303222,weekend,jupiter-price-v3
2026-09-20T02:15:00Z,NVDAx,Xsc9qvGR1efVDFGLrVsmkzv3qi45LTBjeUKSPmx9qEh,222.04352659110032,weekend,jupiter-price-v3
2026-09-20T02:20:00Z,NVDAx,Xsc9qvGR1efVDFGLrVsmkzv3qi45LTBjeUKSPmx9qEh,222.09180043508627,weekend,jupiter-price-v3
2026-09-20T02:25:00Z,NVDAx,Xsc9qvGR1efVDFGLrVsmkzv3qi45LTBjeUKSPmx9qEh,222.13214726254083,weekend,jupiter-price-v3
2026-09-20T02:30:00Z,NVDAx,Xsc9qvGR1efVDFGLrVsmkzv3qi45LTBjeUKSPmx9qEh,221.94675220173772,weekend,jupiter-price-v3
2026-09-20T02:35:00Z,NVDAx,Xsc9qvGR1efVDFGLrVsmkzv3qi45LTBjeUKSPmx9qEh,221.84682677197884,weekend,jupiter-price-v3
2026-09-20T02:40:00Z,NVDAx,Xsc9qvGR1efVDFGLrVsmkzv3qi45LTBjeUKSPmx9qEh,221.80014522930392,weekend,jupiter-price-v3
2026-09-20T02:45:00Z,NVDAx,Xsc9qvGR1efVDFGLrVsmkzv3qi45LTBjeUKSPmx9qEh,221.82450509687,weekend,jupiter-price-v3
2026-09-20T02:50:00Z,NVDAx,Xsc9qvGR1efVDFGLrVsmkzv3qi45LTBjeUKSPmx9qEh,221.7359607310551,weekend,jupiter-price-v3
2026-09-20T02:55:00Z,NVDAx,Xsc9qvGR1efVDFGLrVsmkzv3qi45LTBjeUKSPmx9qEh,221.72761238982275,weekend,jupiter-price-v3
2026-09-20T03:00:00Z,NVDAx,Xsc9qvGR1efVDFGLrVsmkzv3qi45LTBjeUKSPmx9qEh,221.81567438489628,weekend,jupiter-price-v3
2026-09-20T03:05:00Z,NVDAx,Xsc9qvGR1efVDFGLrVsmkzv3qi45LTBjeUKSPmx9qEh,221.40676666706597,weekend,jupiter-price-v3
2026-09-20T03:10:00Z,NVDAx,Xsc9qvGR1efVDFGLrVsmkzv3qi45LTBjeUKSPmx9qEh,221.85684771908066,weekend,jupiter-price-v3
2026-09-20T03:15:00Z,NVDAx,Xsc9qvGR1efVDFGLrVsmkzv3qi45LTBjeUKSPmx9qEh,221.44955216834907,weekend,jupiter-price-v3
2026-09-20T03:20:00Z,NVDAx,Xsc9qvGR1efVDFGLrVsmkzv3qi45LTBjeUKSPmx9qEh,221.28714892072028,weekend,jupiter-price-v3
2026-09-20T03:25:00Z,NVDAx,Xsc9qvGR1efVDFGLrVsmkzv3qi45LTBjeUKSPmx9qEh,221.23263821198614,weekend,jupiter-price-v3
2026-09-20T03:30:00Z,NVDAx,Xsc9qvGR1efVDFGLrVsmkzv3qi45LTBjeUKSPmx9qEh,220.96862322356088,weekend,jupiter-price-v3
2026-09-20T03:35:00Z,NVDAx,Xsc9qvGR1efVDFGLrVsmkzv3qi45LTBjeUKSPmx9qEh,220.84859883802847,weekend,jupiter-price-v3
2026-09-20T03:40:00Z,NVDAx,Xsc9qvGR1efVDFGLrVsmkzv3qi45LTBjeUKSPmx9qEh,221.0911644023698,weekend,jupiter-price-v3
2026-09-20T03:45:00Z,NVDAx,Xsc9qvGR1efVDFGLrVsmkzv3qi45LTBjeUKSPmx9qEh,220.5898099167886,weekend,jupiter-price-v3
2026-09-20T03:50:00Z,NVDAx,Xsc9qvGR1efVDFGLrVsmkzv3qi45LTBjeUKSPmx9qEh,220.67799465610153,weekend,jupiter-price-v3
2026-09-20T03:55:00Z,NVDAx,Xsc9qvGR1efVDFGLrVsmkzv3qi45LTBjeUKSPmx9qEh,220.4595741099708,weekend,jupiter-price-v3
2026-09-20T04:00:00Z,NVDAx,Xsc9qvGR1efVDFGLrVsmkzv3qi45LTBjeUKSPmx9qEh,220.57741515688664,weekend,jupiter-price-v3
2026-09-20T04:05:00Z,NVDAx,Xsc9qvGR1efVDFGLrVsmkzv3qi45LTBjeUKSPmx9qEh,220.57321799424918,weekend,jupiter-price-v3
2026-09-20T04:10:00Z,NVDAx,Xsc9qvGR1efVDFGLrVsmkzv3qi45LTBjeUKSPmx9qEh,220.4582025939894,weekend,jupiter-price-v3
2026-09-20T04:15:00Z,NVDAx,Xsc9qvGR1efVDFGLrVsmkzv3qi45LTBjeUKSPmx9qEh,220.636016447334,weekend,jupiter-price-v3
2026-09-20T04:20:00Z,NVDAx,Xsc9qvGR1efVDFGLrVsmkzv3qi45LTBjeUKSPmx9qEh,220.5592231237367,weekend,jupiter-price-v3
2026-09-20T04:25:00Z,NVDAx,Xsc9qvGR1efVDFGLrVsmkzv3qi45LTBjeUKSPmx9qEh,220.39025644205174,weekend,jupiter-price-v3
2026-09-20T04:30:01Z,NVDAx,Xsc9qvGR1efVDFGLrVsmkzv3qi45LTBjeUKSPmx9qEh,220.6923492956548,weekend,jupiter-price-v3
2026-09-20T04:35:00Z,NVDAx,Xsc9qvGR1efVDFGLrVsmkzv3qi45LTBjeUKSPmx9qEh,220.62542796951618,weekend,jupiter-price-v3
2026-09-20T04:40:00Z,NVDAx,Xsc9qvGR1efVDFGLrVsmkzv3qi45LTBjeUKSPmx9qEh,220.59040332597655,weekend,jupiter-price-v3
2026-09-20T04:45:00Z,NVDAx,Xsc9qvGR1efVDFGLrVsmkzv3qi45LTBjeUKSPmx9qEh,220.74161174090798,weekend,jupiter-price-v3
2026-09-20T04:50:00Z,NVDAx,Xsc9qvGR1efVDFGLrVsmkzv3qi45LTBjeUKSPmx9qEh,220.71219131095907,weekend,jupiter-price-v3
2026-09-20T04:55:00Z,NVDAx,Xsc9qvGR1efVDFGLrVsmkzv3qi45LTBjeUKSPmx9qEh,220.7791537794693,weekend,jupiter-price-v3
2026-09-20T05:00:00Z,NVDAx,Xsc9qvGR1efVDFGLrVsmkzv3qi45LTBjeUKSPmx9qEh,220.57587057241514,weekend,jupiter-price-v3
2026-09-20T05:05:00Z,NVDAx,Xsc9qvGR1efVDFGLrVsmkzv3qi45LTBjeUKSPmx9qEh,220.57768211176898,weekend,jupiter-price-v3
2026-09-20T05:10:00Z,NVDAx,Xsc9qvGR1efVDFGLrVsmkzv3qi45LTBjeUKSPmx9qEh,220.6334753967979,weekend,jupiter-price-v3
2026-09-20T05:15:00Z,NVDAx,Xsc9qvGR1efVDFGLrVsmkzv3qi45LTBjeUKSPmx9qEh,220.70940379543427,weekend,jupiter-price-v3
2026-09-20T05:20:00Z,NVDAx,Xsc9qvGR1efVDFGLrVsmkzv3qi45LTBjeUKSPmx9qEh,220.68788476352745,weekend,jupiter-price-v3
2026-09-20T05:25:00Z,NVDAx,Xsc9qvGR1efVDFGLrVsmkzv3qi45LTBjeUKSPmx9qEh,220.60180638131334,weekend,jupiter-price-v3
2026-09-20T05:30:01Z,NVDAx,Xsc9qvGR1efVDFGLrVsmkzv3qi45LTBjeUKSPmx9qEh,220.62387669184514,weekend,jupiter-price-v3
2026-09-20T05:35:00Z,NVDAx,Xsc9qvGR1efVDFGLrVsmkzv3qi45LTBjeUKSPmx9qEh,220.6585524902693,weekend,jupiter-price-v3
2026-09-20T05:40:00Z,NVDAx,Xsc9qvGR1efVDFGLrVsmkzv3qi45LTBjeUKSPmx9qEh,220.40834120727655,weekend,jupiter-price-v3
2026-09-20T05:45:01Z,NVDAx,Xsc9qvGR1efVDFGLrVsmkzv3qi45LTBjeUKSPmx9qEh,220.50906550470808,weekend,jupiter-price-v3
2026-09-20T05:50:00Z,NVDAx,Xsc9qvGR1efVDFGLrVsmkzv3qi45LTBjeUKSPmx9qEh,220.41208708445203,weekend,jupiter-price-v3
2026-09-20T05:55:00Z,NVDAx,Xsc9qvGR1efVDFGLrVsmkzv3qi45LTBjeUKSPmx9qEh,220.52984330488232,weekend,jupiter-price-v3
2026-09-20T06:00:00Z,NVDAx,Xsc9qvGR1efVDFGLrVsmkzv3qi45LTBjeUKSPmx9qEh,220.68135257357025,weekend,jupiter-price-v3
2026-09-20T06:05:00Z,NVDAx,Xsc9qvGR1efVDFGLrVsmkzv3qi45LTBjeUKSPmx9qEh,220.60232339549165,weekend,jupiter-price-v3
2026-09-20T06:10:00Z,NVDAx,Xsc9qvGR1efVDFGLrVsmkzv3qi45LTBjeUKSPmx9qEh,220.68356475836404,weekend,jupiter-price-v3
2026-09-20T06:15:00Z,NVDAx,Xsc9qvGR1efVDFGLrVsmkzv3qi45LTBjeUKSPmx9qEh,220.5199963341236,weekend,jupiter-price-v3
2026-09-20T06:20:00Z,NVDAx,Xsc9qvGR1efVDFGLrVsmkzv3qi45LTBjeUKSPmx9qEh,220.5927790306682,weekend,jupiter-price-v3
2026-09-20T06:25:00Z,NVDAx,Xsc9qvGR1efVDFGLrVsmkzv3qi45LTBjeUKSPmx9qEh,220.59884161018107,weekend,jupiter-price-v3
2026-09-20T06:30:00Z,NVDAx,Xsc9qvGR1efVDFGLrVsmkzv3qi45LTBjeUKSPmx9qEh,220.62146001773044,weekend,jupiter-price-v3
2026-09-20T06:35:10Z,NVDAx,Xsc9qvGR1efVDFGLrVsmkzv3qi45LTBjeUKSPmx9qEh,220.60468882851336,weekend,jupiter-price-v3
2026-09-20T06:40:00Z,NVDAx,Xsc9qvGR1efVDFGLrVsmkzv3qi45LTBjeUKSPmx9qEh,220.49415451617338,weekend,jupiter-price-v3
2026-09-20T06:45:00Z,NVDAx,Xsc9qvGR1efVDFGLrVsmkzv3qi45LTBjeUKSPmx9qEh,220.4719678822044,weekend,jupiter-price-v3
2026-09-20T06:50:00Z,NVDAx,Xsc9qvGR1efVDFGLrVsmkzv3qi45LTBjeUKSPmx9qEh,220.64881356986004,weekend,jupiter-price-v3
2026-09-20T06:55:00Z,NVDAx,Xsc9qvGR1efVDFGLrVsmkzv3qi45LTBjeUKSPmx9qEh,220.60423210170703,weekend,jupiter-price-v3
2026-09-20T07:00:00Z,NVDAx,Xsc9qvGR1efVDFGLrVsmkzv3qi45LTBjeUKSPmx9qEh,220.74990785399706,weekend,jupiter-price-v3
2026-09-20T07:05:00Z,NVDAx,Xsc9qvGR1efVDFGLrVsmkzv3qi45LTBjeUKSPmx9qEh,220.86580903860354,weekend,jupiter-price-v3
2026-09-20T07:10:00Z,NVDAx,Xsc9qvGR1efVDFGLrVsmkzv3qi45LTBjeUKSPmx9qEh,220.75759747529082,weekend,jupiter-price-v3
2026-09-20T07:15:00Z,NVDAx,Xsc9qvGR1efVDFGLrVsmkzv3qi45LTBjeUKSPmx9qEh,220.55746531903407,weekend,jupiter-price-v3
2026-09-20T07:20:00Z,NVDAx,Xsc9qvGR1efVDFGLrVsmkzv3qi45LTBjeUKSPmx9qEh,220.67914968023507,weekend,jupiter-price-v3
2026-09-20T07:25:00Z,NVDAx,Xsc9qvGR1efVDFGLrVsmkzv3qi45LTBjeUKSPmx9qEh,220.4921033833467,weekend,jupiter-price-v3
2026-09-20T07:30:00Z,NVDAx,Xsc9qvGR1efVDFGLrVsmkzv3qi45LTBjeUKSPmx9qEh,220.58624718383214,weekend,jupiter-price-v3
2026-09-20T07:35:00Z,NVDAx,Xsc9qvGR1efVDFGLrVsmkzv3qi45LTBjeUKSPmx9qEh,220.372751148653,weekend,jupiter-price-v3
2026-09-20T07:40:00Z,NVDAx,Xsc9qvGR1efVDFGLrVsmkzv3qi45LTBjeUKSPmx9qEh,220.49567386992038,weekend,jupiter-price-v3
2026-09-20T07:45:00Z,NVDAx,Xsc9qvGR1efVDFGLrVsmkzv3qi45LTBjeUKSPmx9qEh,220.81938747014135,weekend,jupiter-price-v3
2026-09-20T07:50:00Z,NVDAx,Xsc9qvGR1efVDFGLrVsmkzv3qi45LTBjeUKSPmx9qEh,220.4801029837986,weekend,jupiter-price-v3
2026-09-20T07:55:00Z,NVDAx,Xsc9qvGR1efVDFGLrVsmkzv3qi45LTBjeUKSPmx9qEh,220.7838952432779,weekend,jupiter-price-v3
2026-09-20T08:00:00Z,NVDAx,Xsc9qvGR1efVDFGLrVsmkzv3qi45LTBjeUKSPmx9qEh,220.54322280126678,weekend,jupiter-price-v3
2026-09-20T08:05:00Z,NVDAx,Xsc9qvGR1efVDFGLrVsmkzv3qi45LTBjeUKSPmx9qEh,220.6172252406249,weekend,jupiter-price-v3
2026-09-20T08:10:00Z,NVDAx,Xsc9qvGR1efVDFGLrVsmkzv3qi45LTBjeUKSPmx9qEh,220.5201582046759,weekend,jupiter-price-v3
2026-09-20T08:15:00Z,NVDAx,Xsc9qvGR1efVDFGLrVsmkzv3qi45LTBjeUKSPmx9qEh,220.5476955619495,weekend,jupiter-price-v3
2026-09-20T08:20:00Z,NVDAx,Xsc9qvGR1efVDFGLrVsmkzv3qi45LTBjeUKSPmx9qEh,220.67667730415187,weekend,jupiter-price-v3
2026-09-20T08:25:00Z,NVDAx,Xsc9qvGR1efVDFGLrVsmkzv3qi45LTBjeUKSPmx9qEh,220.42839761258332,weekend,jupiter-price-v3
2026-09-20T08:30:00Z,NVDAx,Xsc9qvGR1efVDFGLrVsmkzv3qi45LTBjeUKSPmx9qEh,220.63469103928716,weekend,jupiter-price-v3
2026-09-20T08:35:00Z,NVDAx,Xsc9qvGR1efVDFGLrVsmkzv3qi45LTBjeUKSPmx9qEh,220.49009159760334,weekend,jupiter-price-v3
2026-09-20T08:40:00Z,NVDAx,Xsc9qvGR1efVDFGLrVsmkzv3qi45LTBjeUKSPmx9qEh,220.5470296173377,weekend,jupiter-price-v3
2026-09-20T08:45:00Z,NVDAx,Xsc9qvGR1efVDFGLrVsmkzv3qi45LTBjeUKSPmx9qEh,220.42558127475093,weekend,jupiter-price-v3
2026-09-20T08:50:00Z,NVDAx,Xsc9qvGR1efVDFGLrVsmkzv3qi45LTBjeUKSPmx9qEh,220.32270910527106,weekend,jupiter-price-v3
2026-09-20T08:55:00Z,NVDAx,Xsc9qvGR1efVDFGLrVsmkzv3qi45LTBjeUKSPmx9qEh,220.4055075915683,weekend,jupiter-price-v3
2026-09-20T09:00:00Z,NVDAx,Xsc9qvGR1efVDFGLrVsmkzv3qi45LTBjeUKSPmx9qEh,220.7205407803154,weekend,jupiter-price-v3
2026-09-20T09:05:00Z,NVDAx,Xsc9qvGR1efVDFGLrVsmkzv3qi45LTBjeUKSPmx9qEh,220.75165743511687,weekend,jupiter-price-v3
2026-09-20T09:10:00Z,NVDAx,Xsc9qvGR1efVDFGLrVsmkzv3qi45LTBjeUKSPmx9qEh,220.47279803721707,weekend,jupiter-price-v3
2026-09-20T09:15:00Z,NVDAx,Xsc9qvGR1efVDFGLrVsmkzv3qi45LTBjeUKSPmx9qEh,220.6316434047506,weekend,jupiter-price-v3
2026-09-20T09:20:00Z,NVDAx,Xsc9qvGR1efVDFGLrVsmkzv3qi45LTBjeUKSPmx9qEh,220.43051335682196,weekend,jupiter-price-v3
2026-09-20T09:25:00Z,NVDAx,Xsc9qvGR1efVDFGLrVsmkzv3qi45LTBjeUKSPmx9qEh,220.355238808745,weekend,jupiter-price-v3
2026-09-20T09:30:00Z,NVDAx,Xsc9qvGR1efVDFGLrVsmkzv3qi45LTBjeUKSPmx9qEh,220.29394801985387,weekend,jupiter-price-v3
2026-09-20T09:35:00Z,NVDAx,Xsc9qvGR1efVDFGLrVsmkzv3qi45LTBjeUKSPmx9qEh,220.72950683331163,weekend,jupiter-price-v3
2026-09-20T09:40:00Z,NVDAx,Xsc9qvGR1efVDFGLrVsmkzv3qi45LTBjeUKSPmx9qEh,220.70221387830276,weekend,jupiter-price-v3
2026-09-20T09:45:00Z,NVDAx,Xsc9qvGR1efVDFGLrVsmkzv3qi45LTBjeUKSPmx9qEh,220.25433974948467,weekend,jupiter-price-v3
2026-09-20T09:50:00Z,NVDAx,Xsc9qvGR1efVDFGLrVsmkzv3qi45LTBjeUKSPmx9qEh,220.53857515729052,weekend,jupiter-price-v3
2026-09-20T09:55:00Z,NVDAx,Xsc9qvGR1efVDFGLrVsmkzv3qi45LTBjeUKSPmx9qEh,220.47358532396325,weekend,jupiter-price-v3
2026-09-20T10:00:00Z,NVDAx,Xsc9qvGR1efVDFGLrVsmkzv3qi45LTBjeUKSPmx9qEh,220.38951177300078,weekend,jupiter-price-v3
2026-09-20T10:05:00Z,NVDAx,Xsc9qvGR1efVDFGLrVsmkzv3qi45LTBjeUKSPmx9qEh,220.39921965859958,weekend,jupiter-price-v3
2026-09-20T10:10:00Z,NVDAx,Xsc9qvGR1efVDFGLrVsmkzv3qi45LTBjeUKSPmx9qEh,220.42571796458483,weekend,jupiter-price-v3
2026-09-20T10:15:00Z,NVDAx,Xsc9qvGR1efVDFGLrVsmkzv3qi45LTBjeUKSPmx9qEh,220.26608478393376,weekend,jupiter-price-v3
2026-09-20T10:20:00Z,NVDAx,Xsc9qvGR1efVDFGLrVsmkzv3qi45LTBjeUKSPmx9qEh,220.34551419323915,weekend,jupiter-price-v3
2026-09-20T10:25:00Z,NVDAx,Xsc9qvGR1efVDFGLrVsmkzv3qi45LTBjeUKSPmx9qEh,220.2356613831457,weekend,jupiter-price-v3
2026-09-20T10:30:00Z,NVDAx,Xsc9qvGR1efVDFGLrVsmkzv3qi45LTBjeUKSPmx9qEh,220.1818294118101,weekend,jupiter-price-v3
2026-09-20T10:35:00Z,NVDAx,Xsc9qvGR1efVDFGLrVsmkzv3qi45LTBjeUKSPmx9qEh,220.36037933935455,weekend,jupiter-price-v3
2026-09-20T10:40:00Z,NVDAx,Xsc9qvGR1efVDFGLrVsmkzv3qi45LTBjeUKSPmx9qEh,220.80623090475237,weekend,jupiter-price-v3
2026-09-20T10:45:00Z,NVDAx,Xsc9qvGR1efVDFGLrVsmkzv3qi45LTBjeUKSPmx9qEh,220.49303252958163,weekend,jupiter-price-v3
2026-09-20T10:50:00Z,NVDAx,Xsc9qvGR1efVDFGLrVsmkzv3qi45LTBjeUKSPmx9qEh,220.45548077239474,weekend,jupiter-price-v3
2026-09-20T10:55:00Z,NVDAx,Xsc9qvGR1efVDFGLrVsmkzv3qi45LTBjeUKSPmx9qEh,220.30945264128565,weekend,jupiter-price-v3
2026-09-20T11:00:00Z,NVDAx,Xsc9qvGR1efVDFGLrVsmkzv3qi45LTBjeUKSPmx9qEh,220.75114166322416,weekend,jupiter-price-v3
2026-09-20T11:05:00Z,NVDAx,Xsc9qvGR1efVDFGLrVsmkzv3qi45LTBjeUKSPmx9qEh,220.48338036159168,weekend,jupiter-price-v3
2026-09-20T11:10:00Z,NVDAx,Xsc9qvGR1efVDFGLrVsmkzv3qi45LTBjeUKSPmx9qEh,220.49877273307342,weekend,jupiter-price-v3
2026-09-20T11:15:00Z,NVDAx,Xsc9qvGR1efVDFGLrVsmkzv3qi45LTBjeUKSPmx9qEh,220.50108898428564,weekend,jupiter-price-v3
2026-09-20T11:20:01Z,NVDAx,Xsc9qvGR1efVDFGLrVsmkzv3qi45LTBjeUKSPmx9qEh,220.45978243587763,weekend,jupiter-price-v3
2026-09-20T11:25:00Z,NVDAx,Xsc9qvGR1efVDFGLrVsmkzv3qi45LTBjeUKSPmx9qEh,220.25385936823338,weekend,jupiter-price-v3
2026-09-20T11:30:00Z,NVDAx,Xsc9qvGR1efVDFGLrVsmkzv3qi45LTBjeUKSPmx9qEh,220.2843455494669,weekend,jupiter-price-v3
2026-09-20T11:35:00Z,NVDAx,Xsc9qvGR1efVDFGLrVsmkzv3qi45LTBjeUKSPmx9qEh,220.29870847911673,weekend,jupiter-price-v3
2026-09-20T11:40:00Z,NVDAx,Xsc9qvGR1efVDFGLrVsmkzv3qi45LTBjeUKSPmx9qEh,220.42596377063904,weekend,jupiter-price-v3
2026-09-20T11:45:00Z,NVDAx,Xsc9qvGR1efVDFGLrVsmkzv3qi45LTBjeUKSPmx9qEh,220.17537002052805,weekend,jupiter-price-v3
2026-09-20T11:50:00Z,NVDAx,Xsc9qvGR1efVDFGLrVsmkzv3qi45LTBjeUKSPmx9qEh,220.33684756325297,weekend,jupiter-price-v3
2026-09-20T11:55:00Z,NVDAx,Xsc9qvGR1efVDFGLrVsmkzv3qi45LTBjeUKSPmx9qEh,220.25018036432434,weekend,jupiter-price-v3
2026-09-20T12:00:01Z,NVDAx,Xsc9qvGR1efVDFGLrVsmkzv3qi45LTBjeUKSPmx9qEh,220.28030358983816,weekend,jupiter-price-v3
2026-09-20T12:05:00Z,NVDAx,Xsc9qvGR1efVDFGLrVsmkzv3qi45LTBjeUKSPmx9qEh,220.26702414335315,weekend,jupiter-price-v3
2026-09-20T12:10:00Z,NVDAx,Xsc9qvGR1efVDFGLrVsmkzv3qi45LTBjeUKSPmx9qEh,220.30758072318932,weekend,jupiter-price-v3
2026-09-20T12:15:00Z,NVDAx,Xsc9qvGR1efVDFGLrVsmkzv3qi45LTBjeUKSPmx9qEh,220.67768758967787,weekend,jupiter-price-v3
2026-09-20T12:20:12Z,NVDAx,Xsc9qvGR1efVDFGLrVsmkzv3qi45LTBjeUKSPmx9qEh,220.05417291915057,weekend,jupiter-price-v3
2026-09-20T12:25:00Z,NVDAx,Xsc9qvGR1efVDFGLrVsmkzv3qi45LTBjeUKSPmx9qEh,220.06242287309246,weekend,jupiter-price-v3
2026-09-20T12:30:00Z,NVDAx,Xsc9qvGR1efVDFGLrVsmkzv3qi45LTBjeUKSPmx9qEh,219.96116841224753,weekend,jupiter-price-v3
2026-09-20T12:35:00Z,NVDAx,Xsc9qvGR1efVDFGLrVsmkzv3qi45LTBjeUKSPmx9qEh,219.96449759540803,weekend,jupiter-price-v3
2026-09-20T12:40:00Z,NVDAx,Xsc9qvGR1efVDFGLrVsmkzv3qi45LTBjeUKSPmx9qEh,219.9922035907382,weekend,jupiter-price-v3
2026-09-20T12:45:00Z,NVDAx,Xsc9qvGR1efVDFGLrVsmkzv3qi45LTBjeUKSPmx9qEh,219.9642798882715,weekend,jupiter-price-v3
2026-09-20T12:50:00Z,NVDAx,Xsc9qvGR1efVDFGLrVsmkzv3qi45LTBjeUKSPmx9qEh,220.18086068321165,weekend,jupiter-price-v3
2026-09-20T12:55:00Z,NVDAx,Xsc9qvGR1efVDFGLrVsmkzv3qi45LTBjeUKSPmx9qEh,220.37454063879818,weekend,jupiter-price-v3
2026-09-20T13:00:00Z,NVDAx,Xsc9qvGR1efVDFGLrVsmkzv3qi45LTBjeUKSPmx9qEh,220.0530009537391,weekend,jupiter-price-v3
2026-09-20T13:05:00Z,NVDAx,Xsc9qvGR1efVDFGLrVsmkzv3qi45LTBjeUKSPmx9qEh,220.06494721955391,weekend,jupiter-price-v3
2026-09-20T13:10:00Z,NVDAx,Xsc9qvGR1efVDFGLrVsmkzv3qi45LTBjeUKSPmx9qEh,220.19139398188278,weekend,jupiter-price-v3
2026-09-20T13:15:00Z,NVDAx,Xsc9qvGR1efVDFGLrVsmkzv3qi45LTBjeUKSPmx9qEh,220.16671984665237,weekend,jupiter-price-v3
2026-09-20T13:20:00Z,NVDAx,Xsc9qvGR1efVDFGLrVsmkzv3qi45LTBjeUKSPmx9qEh,220.07420258518925,weekend,jupiter-price-v3
2026-09-20T13:25:00Z,NVDAx,Xsc9qvGR1efVDFGLrVsmkzv3qi45LTBjeUKSPmx9qEh,220.250057806919,weekend,jupiter-price-v3
2026-09-20T13:30:00Z,NVDAx,Xsc9qvGR1efVDFGLrVsmkzv3qi45LTBjeUKSPmx9qEh,220.29523833954698,weekend,jupiter-price-v3
2026-09-20T13:35:00Z,NVDAx,Xsc9qvGR1efVDFGLrVsmkzv3qi45LTBjeUKSPmx9qEh,219.93463887030038,weekend,jupiter-price-v3
2026-09-20T13:40:00Z,NVDAx,Xsc9qvGR1efVDFGLrVsmkzv3qi45LTBjeUKSPmx9qEh,220.18609793534324,weekend,jupiter-price-v3
2026-09-20T13:45:00Z,NVDAx,Xsc9qvGR1efVDFGLrVsmkzv3qi45LTBjeUKSPmx9qEh,220.1469069148048,weekend,jupiter-price-v3
2026-09-20T13:50:00Z,NVDAx,Xsc9qvGR1efVDFGLrVsmkzv3qi45LTBjeUKSPmx9qEh,219.9581630427044,weekend,jupiter-price-v3
2026-09-20T13:55:00Z,NVDAx,Xsc9qvGR1efVDFGLrVsmkzv3qi45LTBjeUKSPmx9qEh,220.19211662453682,weekend,jupiter-price-v3
2026-09-20T14:00:00Z,NVDAx,Xsc9qvGR1efVDFGLrVsmkzv3qi45LTBjeUKSPmx9qEh,219.75094693581977,weekend,jupiter-price-v3
2026-09-20T14:05:00Z,NVDAx,Xsc9qvGR1efVDFGLrVsmkzv3qi45LTBjeUKSPmx9qEh,220.16331149492342,weekend,jupiter-price-v3
2026-09-20T14:10:00Z,NVDAx,Xsc9qvGR1efVDFGLrVsmkzv3qi45LTBjeUKSPmx9qEh,220.286838243962,weekend,jupiter-price-v3
2026-09-20T14:15:00Z,NVDAx,Xsc9qvGR1efVDFGLrVsmkzv3qi45LTBjeUKSPmx9qEh,220.03934049109932,weekend,jupiter-price-v3
2026-09-20T14:20:00Z,NVDAx,Xsc9qvGR1efVDFGLrVsmkzv3qi45LTBjeUKSPmx9qEh,220.4326291054762,weekend,jupiter-price-v3
2026-09-20T14:25:00Z,NVDAx,Xsc9qvGR1efVDFGLrVsmkzv3qi45LTBjeUKSPmx9qEh,220.34985303867614,weekend,jupiter-price-v3
2026-09-20T14:30:00Z,NVDAx,Xsc9qvGR1efVDFGLrVsmkzv3qi45LTBjeUKSPmx9qEh,220.22206393118051,weekend,jupiter-price-v3
2026-09-20T14:35:00Z,NVDAx,Xsc9qvGR1efVDFGLrVsmkzv3qi45LTBjeUKSPmx9qEh,220.43819016319378,weekend,jupiter-price-v3
2026-09-20T14:40:00Z,NVDAx,Xsc9qvGR1efVDFGLrVsmkzv3qi45LTBjeUKSPmx9qEh,220.18434216884017,weekend,jupiter-price-v3
2026-09-20T14:45:00Z,NVDAx,Xsc9qvGR1efVDFGLrVsmkzv3qi45LTBjeUKSPmx9qEh,220.4014089886304,weekend,jupiter-price-v3
2026-09-20T14:50:00Z,NVDAx,Xsc9qvGR1efVDFGLrVsmkzv3qi45LTBjeUKSPmx9qEh,220.538043452984,weekend,jupiter-price-v3
2026-09-20T14:55:00Z,NVDAx,Xsc9qvGR1efVDFGLrVsmkzv3qi45LTBjeUKSPmx9qEh,220.52238817705256,weekend,jupiter-price-v3
2026-09-20T15:00:00Z,NVDAx,Xsc9qvGR1efVDFGLrVsmkzv3qi45LTBjeUKSPmx9qEh,220.23262415759726,weekend,jupiter-price-v3
2026-09-20T15:05:00Z,NVDAx,Xsc9qvGR1efVDFGLrVsmkzv3qi45LTBjeUKSPmx9qEh,220.8021053183892,weekend,jupiter-price-v3
2026-09-20T15:10:00Z,NVDAx,Xsc9qvGR1efVDFGLrVsmkzv3qi45LTBjeUKSPmx9qEh,220.69689195942834,weekend,jupiter-price-v3
2026-09-20T15:15:00Z,NVDAx,Xsc9qvGR1efVDFGLrVsmkzv3qi45LTBjeUKSPmx9qEh,220.59232426115267,weekend,jupiter-price-v3
2026-09-20T15:20:00Z,NVDAx,Xsc9qvGR1efVDFGLrVsmkzv3qi45LTBjeUKSPmx9qEh,220.76833698345038,weekend,jupiter-price-v3
2026-09-20T15:25:00Z,NVDAx,Xsc9qvGR1efVDFGLrVsmkzv3qi45LTBjeUKSPmx9qEh,220.76206917212446,weekend,jupiter-price-v3
2026-09-20T15:30:00Z,NVDAx,Xsc9qvGR1efVDFGLrVsmkzv3qi45LTBjeUKSPmx9qEh,220.31861693021648,weekend,jupiter-price-v3
2026-09-20T15:35:00Z,NVDAx,Xsc9qvGR1efVDFGLrVsmkzv3qi45LTBjeUKSPmx9qEh,220.4763331003313,weekend,jupiter-price-v3
2026-09-20T15:40:00Z,NVDAx,Xsc9qvGR1efVDFGLrVsmkzv3qi45LTBjeUKSPmx9qEh,220.3017582320802,weekend,jupiter-price-v3
2026-09-20T15:45:00Z,NVDAx,Xsc9qvGR1efVDFGLrVsmkzv3qi45LTBjeUKSPmx9qEh,220.95157481589428,weekend,jupiter-price-v3
2026-09-20T15:50:00Z,NVDAx,Xsc9qvGR1efVDFGLrVsmkzv3qi45LTBjeUKSPmx9qEh,220.56747493081792,weekend,jupiter-price-v3
2026-09-20T15:55:00Z,NVDAx,Xsc9qvGR1efVDFGLrVsmkzv3qi45LTBjeUKSPmx9qEh,220.4937155868841,weekend,jupiter-price-v3
2026-09-20T16:00:00Z,NVDAx,Xsc9qvGR1efVDFGLrVsmkzv3qi45LTBjeUKSPmx9qEh,220.77996553074746,weekend,jupiter-price-v3
2026-09-20T16:05:00Z,NVDAx,Xsc9qvGR1efVDFGLrVsmkzv3qi45LTBjeUKSPmx9qEh,220.81136662390287,weekend,jupiter-price-v3
2026-09-20T16:10:00Z,NVDAx,Xsc9qvGR1efVDFGLrVsmkzv3qi45LTBjeUKSPmx9qEh,220.9895751974859,weekend,jupiter-price-v3
2026-09-20T16:15:00Z,NVDAx,Xsc9qvGR1efVDFGLrVsmkzv3qi45LTBjeUKSPmx9qEh,220.79524257743955,weekend,jupiter-price-v3
2026-09-20T16:20:00Z,NVDAx,Xsc9qvGR1efVDFGLrVsmkzv3qi45LTBjeUKSPmx9qEh,220.76063832523533,weekend,jupiter-price-v3
2026-09-20T16:25:00Z,NVDAx,Xsc9qvGR1efVDFGLrVsmkzv3qi45LTBjeUKSPmx9qEh,220.79148088957686,weekend,jupiter-price-v3
2026-09-20T16:30:00Z,NVDAx,Xsc9qvGR1efVDFGLrVsmkzv3qi45LTBjeUKSPmx9qEh,221.03122483187937,weekend,jupiter-price-v3
2026-09-20T16:35:00Z,NVDAx,Xsc9qvGR1efVDFGLrVsmkzv3qi45LTBjeUKSPmx9qEh,221.01202731198157,weekend,jupiter-price-v3
2026-09-20T16:40:00Z,NVDAx,Xsc9qvGR1efVDFGLrVsmkzv3qi45LTBjeUKSPmx9qEh,220.94845543648935,weekend,jupiter-price-v3
2026-09-20T16:45:00Z,NVDAx,Xsc9qvGR1efVDFGLrVsmkzv3qi45LTBjeUKSPmx9qEh,220.91838044868746,weekend,jupiter-price-v3
2026-09-20T16:50:00Z,NVDAx,Xsc9qvGR1efVDFGLrVsmkzv3qi45LTBjeUKSPmx9qEh,221.34210503703568,weekend,jupiter-price-v3
2026-09-20T16:55:00Z,NVDAx,Xsc9qvGR1efVDFGLrVsmkzv3qi45LTBjeUKSPmx9qEh,220.8041762874407,weekend,jupiter-price-v3
